Text,Image
urn:cts:greekLit:tlg0012.tlg001.msA:17.1,"urn:cite:hmt:vaimg.VA223VN-0725@0.435,0.2216,0.412,0.0556"
urn:cts:greekLit:tlg0012.tlg001.msA:17.2,"urn:cite:hmt:vaimg.VA223VN-0725@0.494,0.2524,0.344,0.0263"
urn:cts:greekLit:tlg0012.tlg001.msA:17.3,"urn:cite:hmt:vaimg.VA223VN-0725@0.498,0.272,0.4,0.021"
urn:cts:greekLit:tlg0012.tlg001.msA:17.4,"urn:cite:hmt:vaimg.VA223VN-0725@0.497,0.29,0.39,0.0233"
urn:cts:greekLit:tlg0012.tlg001.msA:17.5,"urn:cite:hmt:vaimg.VA223VN-0725@0.494,0.3058,0.36,0.0248"
urn:cts:greekLit:tlg0012.tlg001.msA:17.6,"urn:cite:hmt:vaimg.VA223VN-0725@0.496,0.3283,0.376,0.021"
urn:cts:greekLit:tlg0012.tlg001.msA:17.7,"urn:cite:hmt:vaimg.VA223VN-0725@0.493,0.3441,0.385,0.0248"
urn:cts:greekLit:tlg0012.tlg001.msA:17.8,"urn:cite:hmt:vaimg.VA223VN-0725@0.498,0.3644,0.373,0.0248"
urn:cts:greekLit:tlg0012.tlg001.msA:17.9,"urn:cite:hmt:vaimg.VA223VN-0725@0.505,0.3809,0.35,0.024"
urn:cts:greekLit:tlg0012.tlg001.msA:17.10,"urn:cite:hmt:vaimg.VA223VN-0725@0.494,0.4005,0.379,0.024"
urn:cts:greekLit:tlg0012.tlg001.msA:17.11,"urn:cite:hmt:vaimg.VA223VN-0725@0.499,0.42,0.355,0.0225"
urn:cts:greekLit:tlg0012.tlg001.msA:17.12,"urn:cite:hmt:vaimg.VA223VN-0725@0.502,0.438,0.362,0.024"
urn:cts:greekLit:tlg0012.tlg001.msA:17.13,"urn:cite:hmt:vaimg.VA223VN-0725@0.498,0.4583,0.393,0.0255"
urn:cts:greekLit:tlg0012.tlg001.msA:17.14,"urn:cite:hmt:vaimg.VA223VN-0725@0.501,0.4771,0.383,0.0233"
urn:cts:greekLit:tlg0012.tlg001.msA:17.15,"urn:cite:hmt:vaimg.VA223VN-0725@0.501,0.4944,0.4,0.0255"
urn:cts:greekLit:tlg0012.tlg001.msA:17.16,"urn:cite:hmt:vaimg.VA223VN-0725@0.499,0.5124,0.382,0.0255"
urn:cts:greekLit:tlg0012.tlg001.msA:17.17,"urn:cite:hmt:vaimg.VA223VN-0725@0.494,0.5304,0.361,0.0285"
urn:cts:greekLit:tlg0012.tlg001.msA:17.18,"urn:cite:hmt:vaimg.VA223VN-0725@0.485,0.5507,0.407,0.0255"
urn:cts:greekLit:tlg0012.tlg001.msA:17.19,"urn:cite:hmt:vaimg.VA223VN-0725@0.493,0.5695,0.383,0.0278"
urn:cts:greekLit:tlg0012.tlg001.msA:17.20,"urn:cite:hmt:vaimg.VA223VN-0725@0.491,0.5883,0.387,0.0263"
urn:cts:greekLit:tlg0012.tlg001.msA:17.21,"urn:cite:hmt:vaimg.VA223VN-0725@0.492,0.6056,0.373,0.0293"
urn:cts:greekLit:tlg0012.tlg001.msA:17.22,"urn:cite:hmt:vaimg.VA223VN-0725@0.488,0.6266,0.373,0.024"
urn:cts:greekLit:tlg0012.tlg001.msA:17.23,"urn:cite:hmt:vaimg.VA223VN-0725@0.488,0.6431,0.362,0.0248"
urn:cts:greekLit:tlg0012.tlg001.msA:17.24,"urn:cite:hmt:vaimg.VA223VN-0725@0.49,0.6597,0.379,0.0285"
urn:cts:greekLit:tlg0012.tlg001.msA:17.25,"urn:cite:hmt:vaimg.VA223VN-0725@0.494,0.6822,0.38,0.0233"
urn:cts:greekLit:tlg0012.tlg001.msA:17.26,"urn:cite:hmt:vaimg.VA224RN-0395@0.186,0.2081,0.407,0.0248"
urn:cts:greekLit:tlg0012.tlg001.msA:17.27,"urn:cite:hmt:vaimg.VA224RN-0395@0.186,0.2276,0.389,0.0248"
urn:cts:greekLit:tlg0012.tlg001.msA:17.28,"urn:cite:hmt:vaimg.VA224RN-0395@0.184,0.2457,0.389,0.0248"
urn:cts:greekLit:tlg0012.tlg001.msA:17.29,"urn:cite:hmt:vaimg.VA224RN-0395@0.185,0.2652,0.389,0.0248"
urn:cts:greekLit:tlg0012.tlg001.msA:17.30,"urn:cite:hmt:vaimg.VA224RN-0395@0.181,0.2855,0.389,0.0248"
urn:cts:greekLit:tlg0012.tlg001.msA:17.31,"urn:cite:hmt:vaimg.VA224RN-0395@0.191,0.3073,0.342,0.0225"
urn:cts:greekLit:tlg0012.tlg001.msA:17.32,"urn:cite:hmt:vaimg.VA224RN-0395@0.185,0.3253,0.398,0.0255"
urn:cts:greekLit:tlg0012.tlg001.msA:17.33,"urn:cite:hmt:vaimg.VA224RN-0395@0.186,0.3464,0.416,0.0218"
urn:cts:greekLit:tlg0012.tlg001.msA:17.34,"urn:cite:hmt:vaimg.VA224RN-0395@0.185,0.3659,0.394,0.0218"
urn:cts:greekLit:tlg0012.tlg001.msA:17.35,"urn:cite:hmt:vaimg.VA224RN-0395@0.188,0.3824,0.411,0.0278"
urn:cts:greekLit:tlg0012.tlg001.msA:17.36,"urn:cite:hmt:vaimg.VA224RN-0395@0.185,0.405,0.373,0.0263"
urn:cts:greekLit:tlg0012.tlg001.msA:17.37,"urn:cite:hmt:vaimg.VA224RN-0395@0.186,0.4215,0.373,0.0263"
urn:cts:greekLit:tlg0012.tlg001.msA:17.38,"urn:cite:hmt:vaimg.VA224RN-0395@0.187,0.4388,0.373,0.0263"
urn:cts:greekLit:tlg0012.tlg001.msA:17.39,"urn:cite:hmt:vaimg.VA224RN-0395@0.188,0.4583,0.384,0.0263"
urn:cts:greekLit:tlg0012.tlg001.msA:17.40,"urn:cite:hmt:vaimg.VA224RN-0395@0.186,0.4786,0.348,0.0263"
urn:cts:greekLit:tlg0012.tlg001.msA:17.41,"urn:cite:hmt:vaimg.VA224RN-0395@0.184,0.4989,0.348,0.0263"
urn:cts:greekLit:tlg0012.tlg001.msA:17.42,"urn:cite:hmt:vaimg.VA224RN-0395@0.181,0.5184,0.299,0.0263"
urn:cts:greekLit:tlg0012.tlg001.msA:17.43,"urn:cite:hmt:vaimg.VA224RN-0395@0.177,0.5387,0.378,0.0263"
urn:cts:greekLit:tlg0012.tlg001.msA:17.44,"urn:cite:hmt:vaimg.VA224RN-0395@0.178,0.5567,0.4,0.0263"
urn:cts:greekLit:tlg0012.tlg001.msA:17.45,"urn:cite:hmt:vaimg.VA224RN-0395@0.181,0.5763,0.4,0.0263"
urn:cts:greekLit:tlg0012.tlg001.msA:17.46,"urn:cite:hmt:vaimg.VA224RN-0395@0.182,0.6138,0.398,0.0263"
urn:cts:greekLit:tlg0012.tlg001.msA:17.47,"urn:cite:hmt:vaimg.VA224RN-0395@0.181,0.6349,0.39,0.0263"
urn:cts:greekLit:tlg0012.tlg001.msA:17.48,"urn:cite:hmt:vaimg.VA224RN-0395@0.181,0.6529,0.39,0.0263"
urn:cts:greekLit:tlg0012.tlg001.msA:17.49,"urn:cite:hmt:vaimg.VA224RN-0395@0.181,0.6529,0.39,0.0263"
urn:cts:greekLit:tlg0012.tlg001.msA:17.50,"urn:cite:hmt:vaimg.VA224RN-0395@0.181,0.6724,0.412,0.0263"
urn:cts:greekLit:tlg0012.tlg001.msA:17.51,"urn:cite:hmt:vaimg.VA224VN-0726@0.493,0.2307,0.338,0.0263"
urn:cts:greekLit:tlg0012.tlg001.msA:17.52,"urn:cite:hmt:vaimg.VA224VN-0726@0.494,0.2532,0.389,0.0248"
urn:cts:greekLit:tlg0012.tlg001.msA:17.53,"urn:cite:hmt:vaimg.VA224VN-0726@0.494,0.2712,0.389,0.0248"
urn:cts:greekLit:tlg0012.tlg001.msA:17.54,"urn:cite:hmt:vaimg.VA224VN-0726@0.491,0.2893,0.402,0.0263"
urn:cts:greekLit:tlg0012.tlg001.msA:17.55,"urn:cite:hmt:vaimg.VA224VN-0726@0.494,0.3088,0.361,0.0248"
urn:cts:greekLit:tlg0012.tlg001.msA:17.56,"urn:cite:hmt:vaimg.VA224VN-0726@0.494,0.3283,0.385,0.0255"
urn:cts:greekLit:tlg0012.tlg001.msA:17.57,"urn:cite:hmt:vaimg.VA224VN-0726@0.494,0.3471,0.397,0.0255"
urn:cts:greekLit:tlg0012.tlg001.msA:17.58,"urn:cite:hmt:vaimg.VA224VN-0726@0.493,0.3651,0.397,0.0278"
urn:cts:greekLit:tlg0012.tlg001.msA:17.59,"urn:cite:hmt:vaimg.VA224VN-0726@0.492,0.3832,0.365,0.0278"
urn:cts:greekLit:tlg0012.tlg001.msA:17.60,"urn:cite:hmt:vaimg.VA224VN-0726@0.495,0.4005,0.406,0.0278"
urn:cts:greekLit:tlg0012.tlg001.msA:17.61,"urn:cite:hmt:vaimg.VA224VN-0726@0.493,0.4185,0.41,0.0278"
urn:cts:greekLit:tlg0012.tlg001.msA:17.62,"urn:cite:hmt:vaimg.VA224VN-0726@0.493,0.4373,0.396,0.0278"
urn:cts:greekLit:tlg0012.tlg001.msA:17.63,"urn:cite:hmt:vaimg.VA224VN-0726@0.489,0.4568,0.4,0.0278"
urn:cts:greekLit:tlg0012.tlg001.msA:17.64,"urn:cite:hmt:vaimg.VA224VN-0726@0.488,0.4748,0.423,0.0278"
urn:cts:greekLit:tlg0012.tlg001.msA:17.65,"urn:cite:hmt:vaimg.VA224VN-0726@0.488,0.4944,0.394,0.0278"
urn:cts:greekLit:tlg0012.tlg001.msA:17.66,"urn:cite:hmt:vaimg.VA224VN-0726@0.487,0.5154,0.398,0.0278"
urn:cts:greekLit:tlg0012.tlg001.msA:17.67,"urn:cite:hmt:vaimg.VA224VN-0726@0.487,0.5334,0.398,0.0278"
urn:cts:greekLit:tlg0012.tlg001.msA:17.68,"urn:cite:hmt:vaimg.VA224VN-0726@0.486,0.553,0.398,0.0278"
urn:cts:greekLit:tlg0012.tlg001.msA:17.69,"urn:cite:hmt:vaimg.VA224VN-0726@0.488,0.5702,0.376,0.0278"
urn:cts:greekLit:tlg0012.tlg001.msA:17.70,"urn:cite:hmt:vaimg.VA224VN-0726@0.487,0.5905,0.382,0.0278"
urn:cts:greekLit:tlg0012.tlg001.msA:17.71,"urn:cite:hmt:vaimg.VA224VN-0726@0.488,0.6093,0.388,0.0278"
urn:cts:greekLit:tlg0012.tlg001.msA:17.72,"urn:cite:hmt:vaimg.VA224VN-0726@0.487,0.6273,0.388,0.0278"
urn:cts:greekLit:tlg0012.tlg001.msA:17.73,"urn:cite:hmt:vaimg.VA224VN-0726@0.487,0.6461,0.388,0.0278"
urn:cts:greekLit:tlg0012.tlg001.msA:17.74,"urn:cite:hmt:vaimg.VA224VN-0726@0.487,0.6634,0.388,0.0278"
urn:cts:greekLit:tlg0012.tlg001.msA:17.75,"urn:cite:hmt:vaimg.VA224VN-0726@0.485,0.6814,0.411,0.0278"
urn:cts:greekLit:tlg0012.tlg001.msA:17.76,"urn:cite:hmt:vaimg.VA225RN-0396@0.175,0.1953,0.401,0.0323"
urn:cts:greekLit:tlg0012.tlg001.msA:17.77,"urn:cite:hmt:vaimg.VA225RN-0396@0.18,0.2164,0.401,0.0323"
urn:cts:greekLit:tlg0012.tlg001.msA:17.78,"urn:cite:hmt:vaimg.VA225RN-0396@0.182,0.2389,0.401,0.0323"
urn:cts:greekLit:tlg0012.tlg001.msA:17.79,"urn:cite:hmt:vaimg.VA225RN-0396@0.18,0.2562,0.401,0.0323"
urn:cts:greekLit:tlg0012.tlg001.msA:17.80,"urn:cite:hmt:vaimg.VA225RN-0396@0.178,0.2825,0.426,0.0233"
urn:cts:greekLit:tlg0012.tlg001.msA:17.81,"urn:cite:hmt:vaimg.VA225RN-0396@0.179,0.299,0.426,0.0233"
urn:cts:greekLit:tlg0012.tlg001.msA:17.82,"urn:cite:hmt:vaimg.VA225RN-0396@0.178,0.3163,0.426,0.0233"
urn:cts:greekLit:tlg0012.tlg001.msA:17.83,"urn:cite:hmt:vaimg.VA225RN-0396@0.18,0.3358,0.453,0.0233"
urn:cts:greekLit:tlg0012.tlg001.msA:17.84,"urn:cite:hmt:vaimg.VA225RN-0396@0.182,0.3546,0.453,0.0233"
urn:cts:greekLit:tlg0012.tlg001.msA:17.85,"urn:cite:hmt:vaimg.VA225RN-0396@0.184,0.3719,0.453,0.0263"
urn:cts:greekLit:tlg0012.tlg001.msA:17.86,"urn:cite:hmt:vaimg.VA225RN-0396@0.186,0.3907,0.453,0.0285"
urn:cts:greekLit:tlg0012.tlg001.msA:17.87,"urn:cite:hmt:vaimg.VA225RN-0396@0.181,0.4087,0.453,0.0285"
urn:cts:greekLit:tlg0012.tlg001.msA:17.88,"urn:cite:hmt:vaimg.VA225RN-0396@0.181,0.4282,0.364,0.0285"
urn:cts:greekLit:tlg0012.tlg001.msA:17.89,"urn:cite:hmt:vaimg.VA225RN-0396@0.185,0.4493,0.413,0.0285"
urn:cts:greekLit:tlg0012.tlg001.msA:17.90,"urn:cite:hmt:vaimg.VA225RN-0396@0.183,0.4696,0.423,0.0285"
urn:cts:greekLit:tlg0012.tlg001.msA:17.91,"urn:cite:hmt:vaimg.VA225RN-0396@0.18,0.4891,0.423,0.0285"
urn:cts:greekLit:tlg0012.tlg001.msA:17.92,"urn:cite:hmt:vaimg.VA225RN-0396@0.181,0.5086,0.435,0.0285"
urn:cts:greekLit:tlg0012.tlg001.msA:17.93,"urn:cite:hmt:vaimg.VA225RN-0396@0.185,0.5259,0.435,0.0285"
urn:cts:greekLit:tlg0012.tlg001.msA:17.94,"urn:cite:hmt:vaimg.VA225RN-0396@0.186,0.55,0.435,0.0285"
urn:cts:greekLit:tlg0012.tlg001.msA:17.95,"urn:cite:hmt:vaimg.VA225RN-0396@0.187,0.562,0.435,0.0285"
urn:cts:greekLit:tlg0012.tlg001.msA:17.96,"urn:cite:hmt:vaimg.VA225RN-0396@0.185,0.5853,0.435,0.0285"
urn:cts:greekLit:tlg0012.tlg001.msA:17.97,"urn:cite:hmt:vaimg.VA225RN-0396@0.182,0.6026,0.403,0.0285"
urn:cts:greekLit:tlg0012.tlg001.msA:17.98,"urn:cite:hmt:vaimg.VA225RN-0396@0.184,0.6228,0.421,0.0285"
urn:cts:greekLit:tlg0012.tlg001.msA:17.99,"urn:cite:hmt:vaimg.VA225RN-0396@0.182,0.6394,0.432,0.0285"
urn:cts:greekLit:tlg0012.tlg001.msA:17.100,"urn:cite:hmt:vaimg.VA225RN-0396@0.184,0.6582,0.432,0.0285"
urn:cts:greekLit:tlg0012.tlg001.msA:17.101,"urn:cite:hmt:vaimg.VA225VN-0727@0.477,0.2164,0.403,0.0368"
urn:cts:greekLit:tlg0012.tlg001.msA:17.102,"urn:cite:hmt:vaimg.VA225VN-0727@0.477,0.2404,0.374,0.027"
urn:cts:greekLit:tlg0012.tlg001.msA:17.103,"urn:cite:hmt:vaimg.VA225VN-0727@0.475,0.2607,0.403,0.027"
urn:cts:greekLit:tlg0012.tlg001.msA:17.104,"urn:cite:hmt:vaimg.VA225VN-0727@0.478,0.2787,0.417,0.027"
urn:cts:greekLit:tlg0012.tlg001.msA:17.105,"urn:cite:hmt:vaimg.VA225VN-0727@0.472,0.299,0.417,0.027"
urn:cts:greekLit:tlg0012.tlg001.msA:17.106,"urn:cite:hmt:vaimg.VA225VN-0727@0.47,0.3125,0.425,0.027"
urn:cts:greekLit:tlg0012.tlg001.msA:17.107,"urn:cite:hmt:vaimg.VA225VN-0727@0.471,0.3336,0.43,0.027"
urn:cts:greekLit:tlg0012.tlg001.msA:17.108,"urn:cite:hmt:vaimg.VA225VN-0727@0.475,0.3524,0.408,0.027"
urn:cts:greekLit:tlg0012.tlg001.msA:17.109,"urn:cite:hmt:vaimg.VA225VN-0727@0.475,0.3711,0.355,0.027"
urn:cts:greekLit:tlg0012.tlg001.msA:17.110,"urn:cite:hmt:vaimg.VA225VN-0727@0.477,0.3907,0.405,0.027"
urn:cts:greekLit:tlg0012.tlg001.msA:17.111,"urn:cite:hmt:vaimg.VA225VN-0727@0.474,0.4087,0.405,0.027"
urn:cts:greekLit:tlg0012.tlg001.msA:17.112,"urn:cite:hmt:vaimg.VA225VN-0727@0.474,0.4275,0.374,0.027"
urn:cts:greekLit:tlg0012.tlg001.msA:17.113,"urn:cite:hmt:vaimg.VA225VN-0727@0.476,0.447,0.382,0.027"
urn:cts:greekLit:tlg0012.tlg001.msA:17.114,"urn:cite:hmt:vaimg.VA225VN-0727@0.475,0.4658,0.396,0.027"
urn:cts:greekLit:tlg0012.tlg001.msA:17.115,"urn:cite:hmt:vaimg.VA225VN-0727@0.474,0.4869,0.389,0.027"
urn:cts:greekLit:tlg0012.tlg001.msA:17.116,"urn:cite:hmt:vaimg.VA225VN-0727@0.474,0.5056,0.422,0.027"
urn:cts:greekLit:tlg0012.tlg001.msA:17.117,"urn:cite:hmt:vaimg.VA225VN-0727@0.474,0.5222,0.422,0.0316"
urn:cts:greekLit:tlg0012.tlg001.msA:17.118,"urn:cite:hmt:vaimg.VA225VN-0727@0.472,0.5402,0.428,0.0316"
urn:cts:greekLit:tlg0012.tlg001.msA:17.119,"urn:cite:hmt:vaimg.VA225VN-0727@0.475,0.5582,0.428,0.0316"
urn:cts:greekLit:tlg0012.tlg001.msA:17.120,"urn:cite:hmt:vaimg.VA225VN-0727@0.472,0.5793,0.406,0.0285"
urn:cts:greekLit:tlg0012.tlg001.msA:17.121,"urn:cite:hmt:vaimg.VA225VN-0727@0.475,0.5973,0.42,0.0278"
urn:cts:greekLit:tlg0012.tlg001.msA:17.122,"urn:cite:hmt:vaimg.VA225VN-0727@0.479,0.6183,0.434,0.0301"
urn:cts:greekLit:tlg0012.tlg001.msA:17.123,"urn:cite:hmt:vaimg.VA225VN-0727@0.476,0.6379,0.38,0.0301"
urn:cts:greekLit:tlg0012.tlg001.msA:17.124,"urn:cite:hmt:vaimg.VA225VN-0727@0.481,0.6521,0.407,0.0301"
urn:cts:greekLit:tlg0012.tlg001.msA:17.125,"urn:cite:hmt:vaimg.VA225VN-0727@0.478,0.6709,0.431,0.0301"
urn:cts:greekLit:tlg0012.tlg001.msA:17.126,"urn:cite:hmt:vaimg.VA226RN-0397@0.182,0.1953,0.429,0.0301"
urn:cts:greekLit:tlg0012.tlg001.msA:17.127,"urn:cite:hmt:vaimg.VA226RN-0397@0.181,0.2201,0.395,0.0255"
urn:cts:greekLit:tlg0012.tlg001.msA:17.128,"urn:cite:hmt:vaimg.VA226RN-0397@0.181,0.2389,0.41,0.0255"
urn:cts:greekLit:tlg0012.tlg001.msA:17.129,"urn:cite:hmt:vaimg.VA226RN-0397@0.18,0.2562,0.41,0.0255"
urn:cts:greekLit:tlg0012.tlg001.msA:17.130,"urn:cite:hmt:vaimg.VA226RN-0397@0.184,0.2757,0.393,0.0255"
urn:cts:greekLit:tlg0012.tlg001.msA:17.131,"urn:cite:hmt:vaimg.VA226RN-0397@0.182,0.2945,0.421,0.0255"
urn:cts:greekLit:tlg0012.tlg001.msA:17.132,"urn:cite:hmt:vaimg.VA226RN-0397@0.181,0.3148,0.41,0.0255"
urn:cts:greekLit:tlg0012.tlg001.msA:17.133,"urn:cite:hmt:vaimg.VA226RN-0397@0.181,0.3351,0.351,0.0255"
urn:cts:greekLit:tlg0012.tlg001.msA:17.134,"urn:cite:hmt:vaimg.VA226RN-0397@0.181,0.3509,0.367,0.0255"
urn:cts:greekLit:tlg0012.tlg001.msA:17.135,"urn:cite:hmt:vaimg.VA226RN-0397@0.183,0.3719,0.374,0.0255"
urn:cts:greekLit:tlg0012.tlg001.msA:17.136,"urn:cite:hmt:vaimg.VA226RN-0397@0.187,0.3922,0.423,0.0255"
urn:cts:greekLit:tlg0012.tlg001.msA:17.137,"urn:cite:hmt:vaimg.VA226RN-0397@0.19,0.414,0.366,0.0255"
urn:cts:greekLit:tlg0012.tlg001.msA:17.138,"urn:cite:hmt:vaimg.VA226RN-0397@0.189,0.4305,0.386,0.0255"
urn:cts:greekLit:tlg0012.tlg001.msA:17.139,"urn:cite:hmt:vaimg.VA226RN-0397@0.184,0.4493,0.386,0.0255"
urn:cts:greekLit:tlg0012.tlg001.msA:17.140,"urn:cite:hmt:vaimg.VA226RN-0397@0.184,0.4703,0.416,0.0255"
urn:cts:greekLit:tlg0012.tlg001.msA:17.141,"urn:cite:hmt:vaimg.VA226RN-0397@0.183,0.7183,0.414,0.0278"
urn:cts:greekLit:tlg0012.tlg001.msA:17.142,"urn:cite:hmt:vaimg.VA226RN-0397@0.173,0.4876,0.413,0.0263"
urn:cts:greekLit:tlg0012.tlg001.msA:17.143,"urn:cite:hmt:vaimg.VA226RN-0397@0.181,0.5049,0.413,0.0263"
urn:cts:greekLit:tlg0012.tlg001.msA:17.144,"urn:cite:hmt:vaimg.VA226RN-0397@0.181,0.5282,0.397,0.0263"
urn:cts:greekLit:tlg0012.tlg001.msA:17.145,"urn:cite:hmt:vaimg.VA226RN-0397@0.179,0.5447,0.339,0.0263"
urn:cts:greekLit:tlg0012.tlg001.msA:17.146,"urn:cite:hmt:vaimg.VA226RN-0397@0.182,0.565,0.41,0.0308"
urn:cts:greekLit:tlg0012.tlg001.msA:17.147,"urn:cite:hmt:vaimg.VA226RN-0397@0.182,0.5838,0.41,0.0308"
urn:cts:greekLit:tlg0012.tlg001.msA:17.148,"urn:cite:hmt:vaimg.VA226RN-0397@0.186,0.6033,0.41,0.0248"
urn:cts:greekLit:tlg0012.tlg001.msA:17.149,"urn:cite:hmt:vaimg.VA226RN-0397@0.181,0.6228,0.425,0.0248"
urn:cts:greekLit:tlg0012.tlg001.msA:17.150,"urn:cite:hmt:vaimg.VA226RN-0397@0.18,0.6424,0.408,0.0248"
urn:cts:greekLit:tlg0012.tlg001.msA:17.151,"urn:cite:hmt:vaimg.VA226VN-0728@0.483,0.2201,0.376,0.0285"
urn:cts:greekLit:tlg0012.tlg001.msA:17.152,"urn:cite:hmt:vaimg.VA226VN-0728@0.481,0.2412,0.369,0.0248"
urn:cts:greekLit:tlg0012.tlg001.msA:17.153,"urn:cite:hmt:vaimg.VA226VN-0728@0.483,0.2592,0.411,0.0248"
urn:cts:greekLit:tlg0012.tlg001.msA:17.154,"urn:cite:hmt:vaimg.VA226VN-0728@0.485,0.278,0.411,0.0248"
urn:cts:greekLit:tlg0012.tlg001.msA:17.155,"urn:cite:hmt:vaimg.VA226VN-0728@0.488,0.2968,0.411,0.0248"
urn:cts:greekLit:tlg0012.tlg001.msA:17.156,"urn:cite:hmt:vaimg.VA226VN-0728@0.491,0.3171,0.372,0.0203"
urn:cts:greekLit:tlg0012.tlg001.msA:17.157,"urn:cite:hmt:vaimg.VA226VN-0728@0.49,0.3351,0.401,0.0203"
urn:cts:greekLit:tlg0012.tlg001.msA:17.158,"urn:cite:hmt:vaimg.VA226VN-0728@0.489,0.3546,0.38,0.0225"
urn:cts:greekLit:tlg0012.tlg001.msA:17.159,"urn:cite:hmt:vaimg.VA226VN-0728@0.495,0.3734,0.386,0.0225"
urn:cts:greekLit:tlg0012.tlg001.msA:17.160,"urn:cite:hmt:vaimg.VA226VN-0728@0.491,0.3914,0.393,0.0225"
urn:cts:greekLit:tlg0012.tlg001.msA:17.161,"urn:cite:hmt:vaimg.VA226VN-0728@0.485,0.4095,0.398,0.0285"
urn:cts:greekLit:tlg0012.tlg001.msA:17.162,"urn:cite:hmt:vaimg.VA226VN-0728@0.486,0.4298,0.398,0.0263"
urn:cts:greekLit:tlg0012.tlg001.msA:17.163,"urn:cite:hmt:vaimg.VA226VN-0728@0.486,0.4493,0.379,0.0263"
urn:cts:greekLit:tlg0012.tlg001.msA:17.164,"urn:cite:hmt:vaimg.VA226VN-0728@0.488,0.4673,0.398,0.0263"
urn:cts:greekLit:tlg0012.tlg001.msA:17.165,"urn:cite:hmt:vaimg.VA226VN-0728@0.485,0.4853,0.398,0.0263"
urn:cts:greekLit:tlg0012.tlg001.msA:17.166,"urn:cite:hmt:vaimg.VA226VN-0728@0.485,0.5056,0.398,0.0263"
urn:cts:greekLit:tlg0012.tlg001.msA:17.167,"urn:cite:hmt:vaimg.VA226VN-0728@0.488,0.5237,0.419,0.0263"
urn:cts:greekLit:tlg0012.tlg001.msA:17.168,"urn:cite:hmt:vaimg.VA226VN-0728@0.484,0.5455,0.411,0.0225"
urn:cts:greekLit:tlg0012.tlg001.msA:17.169,"urn:cite:hmt:vaimg.VA226VN-0728@0.487,0.5635,0.42,0.0225"
urn:cts:greekLit:tlg0012.tlg001.msA:17.170,"urn:cite:hmt:vaimg.VA226VN-0728@0.484,0.5823,0.42,0.0225"
urn:cts:greekLit:tlg0012.tlg001.msA:17.171,"urn:cite:hmt:vaimg.VA226VN-0728@0.482,0.6018,0.439,0.0225"
urn:cts:greekLit:tlg0012.tlg001.msA:17.172,"urn:cite:hmt:vaimg.VA226VN-0728@0.483,0.6206,0.38,0.0225"
urn:cts:greekLit:tlg0012.tlg001.msA:17.173,"urn:cite:hmt:vaimg.VA226VN-0728@0.491,0.6379,0.405,0.0255"
urn:cts:greekLit:tlg0012.tlg001.msA:17.174,"urn:cite:hmt:vaimg.VA226VN-0728@0.492,0.6566,0.385,0.024"
urn:cts:greekLit:tlg0012.tlg001.msA:17.175,"urn:cite:hmt:vaimg.VA226VN-0728@0.495,0.6777,0.385,0.024"
urn:cts:greekLit:tlg0012.tlg001.msA:17.176,"urn:cite:hmt:vaimg.VA227RN-0398@0.168,0.1953,0.356,0.027"
urn:cts:greekLit:tlg0012.tlg001.msA:17.177,"urn:cite:hmt:vaimg.VA227RN-0398@0.174,0.2149,0.416,0.027"
urn:cts:greekLit:tlg0012.tlg001.msA:17.178,"urn:cite:hmt:vaimg.VA227RN-0398@0.174,0.2337,0.386,0.027"
urn:cts:greekLit:tlg0012.tlg001.msA:17.179,"urn:cite:hmt:vaimg.VA227RN-0398@0.173,0.2532,0.406,0.027"
urn:cts:greekLit:tlg0012.tlg001.msA:17.180,"urn:cite:hmt:vaimg.VA227RN-0398@0.17,0.275,0.388,0.027"
urn:cts:greekLit:tlg0012.tlg001.msA:17.181,"urn:cite:hmt:vaimg.VA227RN-0398@0.17,0.2908,0.422,0.027"
urn:cts:greekLit:tlg0012.tlg001.msA:17.182,"urn:cite:hmt:vaimg.VA227RN-0398@0.173,0.3125,0.415,0.027"
urn:cts:greekLit:tlg0012.tlg001.msA:17.183,"urn:cite:hmt:vaimg.VA227RN-0398@0.172,0.3306,0.398,0.024"
urn:cts:greekLit:tlg0012.tlg001.msA:17.184,"urn:cite:hmt:vaimg.VA227RN-0398@0.175,0.3501,0.38,0.024"
urn:cts:greekLit:tlg0012.tlg001.msA:17.185,"urn:cite:hmt:vaimg.VA227RN-0398@0.176,0.3704,0.411,0.024"
urn:cts:greekLit:tlg0012.tlg001.msA:17.186,"urn:cite:hmt:vaimg.VA227RN-0398@0.179,0.3884,0.372,0.0255"
urn:cts:greekLit:tlg0012.tlg001.msA:17.187,"urn:cite:hmt:vaimg.VA227RN-0398@0.182,0.4065,0.417,0.0255"
urn:cts:greekLit:tlg0012.tlg001.msA:17.188,"urn:cite:hmt:vaimg.VA227RN-0398@0.169,0.4275,0.417,0.0255"
urn:cts:greekLit:tlg0012.tlg001.msA:17.189,"urn:cite:hmt:vaimg.VA227RN-0398@0.175,0.4448,0.424,0.0255"
urn:cts:greekLit:tlg0012.tlg001.msA:17.190,"urn:cite:hmt:vaimg.VA227RN-0398@0.175,0.4621,0.424,0.0255"
urn:cts:greekLit:tlg0012.tlg001.msA:17.191,"urn:cite:hmt:vaimg.VA227RN-0398@0.18,0.4838,0.381,0.0255"
urn:cts:greekLit:tlg0012.tlg001.msA:17.192,"urn:cite:hmt:vaimg.VA227RN-0398@0.182,0.5011,0.431,0.0255"
urn:cts:greekLit:tlg0012.tlg001.msA:17.193,"urn:cite:hmt:vaimg.VA227RN-0398@0.182,0.5184,0.413,0.0255"
urn:cts:greekLit:tlg0012.tlg001.msA:17.194,"urn:cite:hmt:vaimg.VA227RN-0398@0.18,0.5372,0.435,0.0255"
urn:cts:greekLit:tlg0012.tlg001.msA:17.195,"urn:cite:hmt:vaimg.VA227RN-0398@0.176,0.5575,0.393,0.0255"
urn:cts:greekLit:tlg0012.tlg001.msA:17.196,"urn:cite:hmt:vaimg.VA227RN-0398@0.18,0.5778,0.393,0.0255"
urn:cts:greekLit:tlg0012.tlg001.msA:17.197,"urn:cite:hmt:vaimg.VA227RN-0398@0.178,0.5988,0.393,0.0255"
urn:cts:greekLit:tlg0012.tlg001.msA:17.198,"urn:cite:hmt:vaimg.VA227RN-0398@0.176,0.6146,0.411,0.0255"
urn:cts:greekLit:tlg0012.tlg001.msA:17.199,"urn:cite:hmt:vaimg.VA227RN-0398@0.177,0.6341,0.344,0.0233"
urn:cts:greekLit:tlg0012.tlg001.msA:17.200,"urn:cite:hmt:vaimg.VA227RN-0398@0.168,0.6536,0.412,0.0233"
urn:cts:greekLit:tlg0012.tlg001.msA:17.201,"urn:cite:hmt:vaimg.VA227VN-0729@0.493,0.2134,0.393,0.027"
urn:cts:greekLit:tlg0012.tlg001.msA:17.202,"urn:cite:hmt:vaimg.VA227VN-0729@0.491,0.2337,0.41,0.0323"
urn:cts:greekLit:tlg0012.tlg001.msA:17.203,"urn:cite:hmt:vaimg.VA227VN-0729@0.491,0.2554,0.363,0.0233"
urn:cts:greekLit:tlg0012.tlg001.msA:17.204,"urn:cite:hmt:vaimg.VA227VN-0729@0.49,0.2735,0.401,0.0263"
urn:cts:greekLit:tlg0012.tlg001.msA:17.205,"urn:cite:hmt:vaimg.VA227VN-0729@0.488,0.2915,0.412,0.0263"
urn:cts:greekLit:tlg0012.tlg001.msA:17.206,"urn:cite:hmt:vaimg.VA227VN-0729@0.49,0.3088,0.4,0.0316"
urn:cts:greekLit:tlg0012.tlg001.msA:17.207,"urn:cite:hmt:vaimg.VA227VN-0729@0.484,0.3328,0.383,0.0248"
urn:cts:greekLit:tlg0012.tlg001.msA:17.208,"urn:cite:hmt:vaimg.VA227VN-0729@0.487,0.3486,0.4,0.0248"
urn:cts:greekLit:tlg0012.tlg001.msA:17.209,"urn:cite:hmt:vaimg.VA227VN-0729@0.484,0.3651,0.385,0.0248"
urn:cts:greekLit:tlg0012.tlg001.msA:17.210,"urn:cite:hmt:vaimg.VA227VN-0729@0.483,0.3847,0.42,0.0248"
urn:cts:greekLit:tlg0012.tlg001.msA:17.211,"urn:cite:hmt:vaimg.VA227VN-0729@0.483,0.405,0.403,0.0248"
urn:cts:greekLit:tlg0012.tlg001.msA:17.212,"urn:cite:hmt:vaimg.VA227VN-0729@0.486,0.4252,0.416,0.0248"
urn:cts:greekLit:tlg0012.tlg001.msA:17.213,"urn:cite:hmt:vaimg.VA227VN-0729@0.485,0.444,0.359,0.0248"
urn:cts:greekLit:tlg0012.tlg001.msA:17.214,"urn:cite:hmt:vaimg.VA227VN-0729@0.484,0.4636,0.398,0.0248"
urn:cts:greekLit:tlg0012.tlg001.msA:17.215,"urn:cite:hmt:vaimg.VA227VN-0729@0.483,0.4823,0.383,0.0248"
urn:cts:greekLit:tlg0012.tlg001.msA:17.216,"urn:cite:hmt:vaimg.VA227VN-0729@0.491,0.5004,0.419,0.0248"
urn:cts:greekLit:tlg0012.tlg001.msA:17.217,"urn:cite:hmt:vaimg.VA227VN-0729@0.484,0.5192,0.376,0.0248"
urn:cts:greekLit:tlg0012.tlg001.msA:17.218,"urn:cite:hmt:vaimg.VA227VN-0729@0.485,0.5357,0.412,0.0248"
urn:cts:greekLit:tlg0012.tlg001.msA:17.219,"urn:cite:hmt:vaimg.VA227VN-0729@0.485,0.556,0.412,0.0248"
urn:cts:greekLit:tlg0012.tlg001.msA:17.220,"urn:cite:hmt:vaimg.VA227VN-0729@0.484,0.574,0.412,0.0248"
urn:cts:greekLit:tlg0012.tlg001.msA:17.221,"urn:cite:hmt:vaimg.VA227VN-0729@0.485,0.5943,0.394,0.0248"
urn:cts:greekLit:tlg0012.tlg001.msA:17.222,"urn:cite:hmt:vaimg.VA227VN-0729@0.487,0.6138,0.394,0.0248"
urn:cts:greekLit:tlg0012.tlg001.msA:17.223,"urn:cite:hmt:vaimg.VA227VN-0729@0.484,0.6311,0.394,0.0248"
urn:cts:greekLit:tlg0012.tlg001.msA:17.224,"urn:cite:hmt:vaimg.VA227VN-0729@0.484,0.6506,0.413,0.0248"
urn:cts:greekLit:tlg0012.tlg001.msA:17.225,"urn:cite:hmt:vaimg.VA227VN-0729@0.481,0.6694,0.39,0.0278"
urn:cts:greekLit:tlg0012.tlg001.msA:17.226,"urn:cite:hmt:vaimg.VA227VN-0729@0.486,0.6882,0.365,0.0278"
urn:cts:greekLit:tlg0012.tlg001.msA:17.227,"urn:cite:hmt:vaimg.VA228RN-0399@0.174,0.2149,0.395,0.0255"
urn:cts:greekLit:tlg0012.tlg001.msA:17.228,"urn:cite:hmt:vaimg.VA228RN-0399@0.185,0.2374,0.349,0.0248"
urn:cts:greekLit:tlg0012.tlg001.msA:17.229,"urn:cite:hmt:vaimg.VA228RN-0399@0.184,0.2554,0.397,0.0248"
urn:cts:greekLit:tlg0012.tlg001.msA:17.230,"urn:cite:hmt:vaimg.VA228RN-0399@0.183,0.2765,0.404,0.0248"
urn:cts:greekLit:tlg0012.tlg001.msA:17.231,"urn:cite:hmt:vaimg.VA228RN-0399@0.18,0.2945,0.407,0.0218"
urn:cts:greekLit:tlg0012.tlg001.msA:17.232,"urn:cite:hmt:vaimg.VA228RN-0399@0.172,0.3133,0.393,0.0278"
urn:cts:greekLit:tlg0012.tlg001.msA:17.233,"urn:cite:hmt:vaimg.VA228RN-0399@0.176,0.3313,0.43,0.0263"
urn:cts:greekLit:tlg0012.tlg001.msA:17.234,"urn:cite:hmt:vaimg.VA228RN-0399@0.177,0.3494,0.43,0.0263"
urn:cts:greekLit:tlg0012.tlg001.msA:17.235,"urn:cite:hmt:vaimg.VA228RN-0399@0.178,0.3711,0.391,0.0263"
urn:cts:greekLit:tlg0012.tlg001.msA:17.236,"urn:cite:hmt:vaimg.VA228RN-0399@0.177,0.3899,0.411,0.0263"
urn:cts:greekLit:tlg0012.tlg001.msA:17.237,"urn:cite:hmt:vaimg.VA228RN-0399@0.177,0.408,0.411,0.0263"
urn:cts:greekLit:tlg0012.tlg001.msA:17.238,"urn:cite:hmt:vaimg.VA228RN-0399@0.171,0.4275,0.397,0.0263"
urn:cts:greekLit:tlg0012.tlg001.msA:17.239,"urn:cite:hmt:vaimg.VA228RN-0399@0.174,0.447,0.4,0.0263"
urn:cts:greekLit:tlg0012.tlg001.msA:17.240,"urn:cite:hmt:vaimg.VA228RN-0399@0.173,0.4636,0.383,0.0263"
urn:cts:greekLit:tlg0012.tlg001.msA:17.241,"urn:cite:hmt:vaimg.VA228RN-0399@0.176,0.4838,0.411,0.0263"
urn:cts:greekLit:tlg0012.tlg001.msA:17.242,"urn:cite:hmt:vaimg.VA228RN-0399@0.175,0.5011,0.423,0.0263"
urn:cts:greekLit:tlg0012.tlg001.msA:17.243,"urn:cite:hmt:vaimg.VA228RN-0399@0.178,0.5192,0.428,0.0293"
urn:cts:greekLit:tlg0012.tlg001.msA:17.244,"urn:cite:hmt:vaimg.VA228RN-0399@0.177,0.5379,0.431,0.0293"
urn:cts:greekLit:tlg0012.tlg001.msA:17.245,"urn:cite:hmt:vaimg.VA228RN-0399@0.176,0.5575,0.431,0.0293"
urn:cts:greekLit:tlg0012.tlg001.msA:17.246,"urn:cite:hmt:vaimg.VA228RN-0399@0.173,0.5785,0.445,0.0285"
urn:cts:greekLit:tlg0012.tlg001.msA:17.247,"urn:cite:hmt:vaimg.VA228RN-0399@0.171,0.5965,0.385,0.0285"
urn:cts:greekLit:tlg0012.tlg001.msA:17.248,"urn:cite:hmt:vaimg.VA228RN-0399@0.17,0.6153,0.385,0.0285"
urn:cts:greekLit:tlg0012.tlg001.msA:17.249,"urn:cite:hmt:vaimg.VA228RN-0399@0.169,0.6334,0.437,0.0308"
urn:cts:greekLit:tlg0012.tlg001.msA:17.250,"urn:cite:hmt:vaimg.VA228RN-0399@0.165,0.6551,0.4,0.0233"
urn:cts:greekLit:tlg0012.tlg001.msA:17.251,"urn:cite:hmt:vaimg.VA228RN-0399@0.157,0.6777,0.391,0.024"
urn:cts:greekLit:tlg0012.tlg001.msA:17.252,"urn:cite:hmt:vaimg.VA228VN-0730@0.495,0.2322,0.378,0.0278"
urn:cts:greekLit:tlg0012.tlg001.msA:17.253,"urn:cite:hmt:vaimg.VA228VN-0730@0.501,0.2539,0.378,0.0278"
urn:cts:greekLit:tlg0012.tlg001.msA:17.254,"urn:cite:hmt:vaimg.VA228VN-0730@0.496,0.275,0.393,0.0278"
urn:cts:greekLit:tlg0012.tlg001.msA:17.255,"urn:cite:hmt:vaimg.VA228VN-0730@0.497,0.2945,0.412,0.0278"
urn:cts:greekLit:tlg0012.tlg001.msA:17.256,"urn:cite:hmt:vaimg.VA228VN-0730@0.491,0.3125,0.412,0.0278"
urn:cts:greekLit:tlg0012.tlg001.msA:17.257,"urn:cite:hmt:vaimg.VA228VN-0730@0.49,0.3321,0.412,0.0278"
urn:cts:greekLit:tlg0012.tlg001.msA:17.258,"urn:cite:hmt:vaimg.VA228VN-0730@0.494,0.3509,0.412,0.0278"
urn:cts:greekLit:tlg0012.tlg001.msA:17.259,"urn:cite:hmt:vaimg.VA228VN-0730@0.5,0.3689,0.412,0.0278"
urn:cts:greekLit:tlg0012.tlg001.msA:17.260,"urn:cite:hmt:vaimg.VA228VN-0730@0.498,0.3907,0.417,0.0278"
urn:cts:greekLit:tlg0012.tlg001.msA:17.261,"urn:cite:hmt:vaimg.VA228VN-0730@0.496,0.408,0.412,0.0278"
urn:cts:greekLit:tlg0012.tlg001.msA:17.262,"urn:cite:hmt:vaimg.VA228VN-0730@0.495,0.4275,0.422,0.0278"
urn:cts:greekLit:tlg0012.tlg001.msA:17.263,"urn:cite:hmt:vaimg.VA228VN-0730@0.497,0.4448,0.403,0.0278"
urn:cts:greekLit:tlg0012.tlg001.msA:17.264,"urn:cite:hmt:vaimg.VA228VN-0730@0.499,0.4651,0.417,0.0278"
urn:cts:greekLit:tlg0012.tlg001.msA:17.265,"urn:cite:hmt:vaimg.VA228VN-0730@0.498,0.4846,0.379,0.0278"
urn:cts:greekLit:tlg0012.tlg001.msA:17.266,"urn:cite:hmt:vaimg.VA228VN-0730@0.5,0.5026,0.394,0.0278"
urn:cts:greekLit:tlg0012.tlg001.msA:17.267,"urn:cite:hmt:vaimg.VA228VN-0730@0.499,0.5229,0.403,0.0278"
urn:cts:greekLit:tlg0012.tlg001.msA:17.268,"urn:cite:hmt:vaimg.VA228VN-0730@0.498,0.5409,0.412,0.0278"
urn:cts:greekLit:tlg0012.tlg001.msA:17.269,"urn:cite:hmt:vaimg.VA228VN-0730@0.492,0.5582,0.417,0.0346"
urn:cts:greekLit:tlg0012.tlg001.msA:17.270,"urn:cite:hmt:vaimg.VA228VN-0730@0.497,0.5785,0.42,0.0293"
urn:cts:greekLit:tlg0012.tlg001.msA:17.271,"urn:cite:hmt:vaimg.VA228VN-0730@0.497,0.5973,0.374,0.0278"
urn:cts:greekLit:tlg0012.tlg001.msA:17.272,"urn:cite:hmt:vaimg.VA228VN-0730@0.498,0.6123,0.416,0.0293"
urn:cts:greekLit:tlg0012.tlg001.msA:17.273,"urn:cite:hmt:vaimg.VA228VN-0730@0.497,0.6341,0.427,0.0293"
urn:cts:greekLit:tlg0012.tlg001.msA:17.274,"urn:cite:hmt:vaimg.VA228VN-0730@0.493,0.6529,0.398,0.0255"
urn:cts:greekLit:tlg0012.tlg001.msA:17.275,"urn:cite:hmt:vaimg.VA228VN-0730@0.5,0.6694,0.429,0.0285"
urn:cts:greekLit:tlg0012.tlg001.msA:17.276,"urn:cite:hmt:vaimg.VA228VN-0730@0.495,0.689,0.416,0.0285"
urn:cts:greekLit:tlg0012.tlg001.msA:17.277,"urn:cite:hmt:vaimg.VA229RN-0400@0.193,0.2104,0.344,0.0301"
urn:cts:greekLit:tlg0012.tlg001.msA:17.278,"urn:cite:hmt:vaimg.VA229RN-0400@0.196,0.2299,0.36,0.0233"
urn:cts:greekLit:tlg0012.tlg001.msA:17.279,"urn:cite:hmt:vaimg.VA229RN-0400@0.197,0.2487,0.36,0.0233"
urn:cts:greekLit:tlg0012.tlg001.msA:17.280,"urn:cite:hmt:vaimg.VA229RN-0400@0.196,0.266,0.324,0.021"
urn:cts:greekLit:tlg0012.tlg001.msA:17.281,"urn:cite:hmt:vaimg.VA229RN-0400@0.197,0.2817,0.332,0.0225"
urn:cts:greekLit:tlg0012.tlg001.msA:17.282,"urn:cite:hmt:vaimg.VA229RN-0400@0.198,0.299,0.352,0.0225"
urn:cts:greekLit:tlg0012.tlg001.msA:17.283,"urn:cite:hmt:vaimg.VA229RN-0400@0.196,0.3178,0.334,0.0225"
urn:cts:greekLit:tlg0012.tlg001.msA:17.284,"urn:cite:hmt:vaimg.VA229RN-0400@0.178,0.3336,0.34,0.0248"
urn:cts:greekLit:tlg0012.tlg001.msA:17.285,"urn:cite:hmt:vaimg.VA229RN-0400@0.196,0.3509,0.365,0.0248"
urn:cts:greekLit:tlg0012.tlg001.msA:17.286,"urn:cite:hmt:vaimg.VA229RN-0400@0.197,0.3704,0.352,0.0248"
urn:cts:greekLit:tlg0012.tlg001.msA:17.287,"urn:cite:hmt:vaimg.VA229RN-0400@0.195,0.3892,0.352,0.0248"
urn:cts:greekLit:tlg0012.tlg001.msA:17.288,"urn:cite:hmt:vaimg.VA229RN-0400@0.188,0.4042,0.303,0.0248"
urn:cts:greekLit:tlg0012.tlg001.msA:17.289,"urn:cite:hmt:vaimg.VA229RN-0400@0.198,0.4215,0.357,0.0248"
urn:cts:greekLit:tlg0012.tlg001.msA:17.290,"urn:cite:hmt:vaimg.VA229RN-0400@0.191,0.4365,0.357,0.0278"
urn:cts:greekLit:tlg0012.tlg001.msA:17.291,"urn:cite:hmt:vaimg.VA229RN-0400@0.186,0.4576,0.348,0.0278"
urn:cts:greekLit:tlg0012.tlg001.msA:17.292,"urn:cite:hmt:vaimg.VA229RN-0400@0.192,0.4748,0.348,0.0278"
urn:cts:greekLit:tlg0012.tlg001.msA:17.293,"urn:cite:hmt:vaimg.VA229RN-0400@0.192,0.4906,0.325,0.0278"
urn:cts:greekLit:tlg0012.tlg001.msA:17.294,"urn:cite:hmt:vaimg.VA229RN-0400@0.185,0.5101,0.365,0.0278"
urn:cts:greekLit:tlg0012.tlg001.msA:17.295,"urn:cite:hmt:vaimg.VA229RN-0400@0.191,0.5252,0.352,0.0278"
urn:cts:greekLit:tlg0012.tlg001.msA:17.296,"urn:cite:hmt:vaimg.VA229RN-0400@0.191,0.5447,0.321,0.0278"
urn:cts:greekLit:tlg0012.tlg001.msA:17.297,"urn:cite:hmt:vaimg.VA229RN-0400@0.189,0.562,0.362,0.0278"
urn:cts:greekLit:tlg0012.tlg001.msA:17.298,"urn:cite:hmt:vaimg.VA229RN-0400@0.189,0.5808,0.385,0.0278"
urn:cts:greekLit:tlg0012.tlg001.msA:17.299,"urn:cite:hmt:vaimg.VA229RN-0400@0.187,0.598,0.363,0.0278"
urn:cts:greekLit:tlg0012.tlg001.msA:17.300,"urn:cite:hmt:vaimg.VA229RN-0400@0.191,0.6153,0.363,0.0278"
urn:cts:greekLit:tlg0012.tlg001.msA:17.301,"urn:cite:hmt:vaimg.VA229RN-0400@0.19,0.6341,0.363,0.0278"
urn:cts:greekLit:tlg0012.tlg001.msA:17.302,"urn:cite:hmt:vaimg.VA229RN-0400@0.191,0.6499,0.377,0.0278"
urn:cts:greekLit:tlg0012.tlg001.msA:17.303,"urn:cite:hmt:vaimg.VA229VN-0731@0.495,0.2276,0.332,0.0278"
urn:cts:greekLit:tlg0012.tlg001.msA:17.304,"urn:cite:hmt:vaimg.VA229VN-0731@0.482,0.2457,0.345,0.0278"
urn:cts:greekLit:tlg0012.tlg001.msA:17.305,"urn:cite:hmt:vaimg.VA229VN-0731@0.497,0.2637,0.325,0.0248"
urn:cts:greekLit:tlg0012.tlg001.msA:17.306,"urn:cite:hmt:vaimg.VA229VN-0731@0.499,0.2825,0.325,0.0248"
urn:cts:greekLit:tlg0012.tlg001.msA:17.307,"urn:cite:hmt:vaimg.VA229VN-0731@0.497,0.2975,0.325,0.0248"
urn:cts:greekLit:tlg0012.tlg001.msA:17.308,"urn:cite:hmt:vaimg.VA229VN-0731@0.501,0.3171,0.337,0.0248"
urn:cts:greekLit:tlg0012.tlg001.msA:17.309,"urn:cite:hmt:vaimg.VA229VN-0731@0.498,0.3351,0.337,0.0248"
urn:cts:greekLit:tlg0012.tlg001.msA:17.310,"urn:cite:hmt:vaimg.VA229VN-0731@0.5,0.3531,0.331,0.0248"
urn:cts:greekLit:tlg0012.tlg001.msA:17.311,"urn:cite:hmt:vaimg.VA229VN-0731@0.501,0.3681,0.353,0.0248"
urn:cts:greekLit:tlg0012.tlg001.msA:17.312,"urn:cite:hmt:vaimg.VA229VN-0731@0.489,0.3877,0.341,0.0248"
urn:cts:greekLit:tlg0012.tlg001.msA:17.313,"urn:cite:hmt:vaimg.VA229VN-0731@0.499,0.4012,0.36,0.0293"
urn:cts:greekLit:tlg0012.tlg001.msA:17.314,"urn:cite:hmt:vaimg.VA229VN-0731@0.497,0.4222,0.352,0.0248"
urn:cts:greekLit:tlg0012.tlg001.msA:17.315,"urn:cite:hmt:vaimg.VA229VN-0731@0.499,0.4388,0.347,0.0248"
urn:cts:greekLit:tlg0012.tlg001.msA:17.316,"urn:cite:hmt:vaimg.VA229VN-0731@0.495,0.4583,0.373,0.0248"
urn:cts:greekLit:tlg0012.tlg001.msA:17.317,"urn:cite:hmt:vaimg.VA229VN-0731@0.498,0.4756,0.336,0.0248"
urn:cts:greekLit:tlg0012.tlg001.msA:17.318,"urn:cite:hmt:vaimg.VA229VN-0731@0.496,0.4936,0.349,0.0248"
urn:cts:greekLit:tlg0012.tlg001.msA:17.319,"urn:cite:hmt:vaimg.VA229VN-0731@0.49,0.5101,0.349,0.0248"
urn:cts:greekLit:tlg0012.tlg001.msA:17.320,"urn:cite:hmt:vaimg.VA229VN-0731@0.499,0.5274,0.337,0.0248"
urn:cts:greekLit:tlg0012.tlg001.msA:17.321,"urn:cite:hmt:vaimg.VA229VN-0731@0.499,0.5417,0.352,0.0248"
urn:cts:greekLit:tlg0012.tlg001.msA:17.322,"urn:cite:hmt:vaimg.VA229VN-0731@0.501,0.5612,0.366,0.0248"
urn:cts:greekLit:tlg0012.tlg001.msA:17.323,"urn:cite:hmt:vaimg.VA229VN-0731@0.495,0.58,0.349,0.0248"
urn:cts:greekLit:tlg0012.tlg001.msA:17.324,"urn:cite:hmt:vaimg.VA229VN-0731@0.499,0.5965,0.349,0.0248"
urn:cts:greekLit:tlg0012.tlg001.msA:17.325,"urn:cite:hmt:vaimg.VA229VN-0731@0.503,0.6123,0.349,0.0248"
urn:cts:greekLit:tlg0012.tlg001.msA:17.326,"urn:cite:hmt:vaimg.VA229VN-0731@0.483,0.6296,0.378,0.0248"
urn:cts:greekLit:tlg0012.tlg001.msA:17.327,"urn:cite:hmt:vaimg.VA230RN-0401@0.189,0.2066,0.33,0.0301"
urn:cts:greekLit:tlg0012.tlg001.msA:17.328,"urn:cite:hmt:vaimg.VA230RN-0401@0.198,0.2307,0.312,0.0248"
urn:cts:greekLit:tlg0012.tlg001.msA:17.329,"urn:cite:hmt:vaimg.VA230RN-0401@0.199,0.2487,0.327,0.0225"
urn:cts:greekLit:tlg0012.tlg001.msA:17.330,"urn:cite:hmt:vaimg.VA230RN-0401@0.195,0.266,0.346,0.0225"
urn:cts:greekLit:tlg0012.tlg001.msA:17.331,"urn:cite:hmt:vaimg.VA230RN-0401@0.193,0.2825,0.29,0.0225"
urn:cts:greekLit:tlg0012.tlg001.msA:17.332,"urn:cite:hmt:vaimg.VA230RN-0401@0.196,0.299,0.35,0.027"
urn:cts:greekLit:tlg0012.tlg001.msA:17.333,"urn:cite:hmt:vaimg.VA230RN-0401@0.177,0.3171,0.35,0.0233"
urn:cts:greekLit:tlg0012.tlg001.msA:17.334,"urn:cite:hmt:vaimg.VA230RN-0401@0.196,0.3366,0.35,0.0233"
urn:cts:greekLit:tlg0012.tlg001.msA:17.335,"urn:cite:hmt:vaimg.VA230RN-0401@0.181,0.3524,0.35,0.0255"
urn:cts:greekLit:tlg0012.tlg001.msA:17.336,"urn:cite:hmt:vaimg.VA230RN-0401@0.193,0.3719,0.327,0.0248"
urn:cts:greekLit:tlg0012.tlg001.msA:17.337,"urn:cite:hmt:vaimg.VA230RN-0401@0.191,0.3877,0.315,0.0248"
urn:cts:greekLit:tlg0012.tlg001.msA:17.338,"urn:cite:hmt:vaimg.VA230RN-0401@0.185,0.4027,0.33,0.027"
urn:cts:greekLit:tlg0012.tlg001.msA:17.339,"urn:cite:hmt:vaimg.VA230RN-0401@0.192,0.4215,0.356,0.027"
urn:cts:greekLit:tlg0012.tlg001.msA:17.340,"urn:cite:hmt:vaimg.VA230RN-0401@0.18,0.4403,0.336,0.027"
urn:cts:greekLit:tlg0012.tlg001.msA:17.341,"urn:cite:hmt:vaimg.VA230RN-0401@0.19,0.4613,0.336,0.027"
urn:cts:greekLit:tlg0012.tlg001.msA:17.342,"urn:cite:hmt:vaimg.VA230RN-0401@0.175,0.4786,0.368,0.027"
urn:cts:greekLit:tlg0012.tlg001.msA:17.343,"urn:cite:hmt:vaimg.VA230RN-0401@0.185,0.4944,0.337,0.027"
urn:cts:greekLit:tlg0012.tlg001.msA:17.344,"urn:cite:hmt:vaimg.VA230RN-0401@0.172,0.5094,0.337,0.027"
urn:cts:greekLit:tlg0012.tlg001.msA:17.345,"urn:cite:hmt:vaimg.VA230RN-0401@0.188,0.5282,0.337,0.027"
urn:cts:greekLit:tlg0012.tlg001.msA:17.346,"urn:cite:hmt:vaimg.VA230RN-0401@0.183,0.5447,0.361,0.027"
urn:cts:greekLit:tlg0012.tlg001.msA:17.347,"urn:cite:hmt:vaimg.VA230RN-0401@0.19,0.5627,0.361,0.027"
urn:cts:greekLit:tlg0012.tlg001.msA:17.348,"urn:cite:hmt:vaimg.VA230RN-0401@0.19,0.5793,0.361,0.027"
urn:cts:greekLit:tlg0012.tlg001.msA:17.349,"urn:cite:hmt:vaimg.VA230RN-0401@0.191,0.5988,0.361,0.027"
urn:cts:greekLit:tlg0012.tlg001.msA:17.350,"urn:cite:hmt:vaimg.VA230RN-0401@0.192,0.6138,0.343,0.027"
urn:cts:greekLit:tlg0012.tlg001.msA:17.351,"urn:cite:hmt:vaimg.VA230RN-0401@0.191,0.6319,0.343,0.027"
urn:cts:greekLit:tlg0012.tlg001.msA:17.352,"urn:cite:hmt:vaimg.VA230VN-0732@0.491,0.2314,0.34,0.0255"
urn:cts:greekLit:tlg0012.tlg001.msA:17.353,"urn:cite:hmt:vaimg.VA230VN-0732@0.499,0.2509,0.322,0.0255"
urn:cts:greekLit:tlg0012.tlg001.msA:17.354,"urn:cite:hmt:vaimg.VA230VN-0732@0.501,0.2675,0.351,0.0255"
urn:cts:greekLit:tlg0012.tlg001.msA:17.355,"urn:cite:hmt:vaimg.VA230VN-0732@0.501,0.2847,0.354,0.0255"
urn:cts:greekLit:tlg0012.tlg001.msA:17.356,"urn:cite:hmt:vaimg.VA230VN-0732@0.5,0.302,0.368,0.0255"
urn:cts:greekLit:tlg0012.tlg001.msA:17.357,"urn:cite:hmt:vaimg.VA230VN-0732@0.502,0.3193,0.331,0.0255"
urn:cts:greekLit:tlg0012.tlg001.msA:17.358,"urn:cite:hmt:vaimg.VA230VN-0732@0.504,0.3358,0.331,0.0255"
urn:cts:greekLit:tlg0012.tlg001.msA:17.359,"urn:cite:hmt:vaimg.VA230VN-0732@0.502,0.3539,0.372,0.0255"
urn:cts:greekLit:tlg0012.tlg001.msA:17.360,"urn:cite:hmt:vaimg.VA230VN-0732@0.489,0.3749,0.34,0.0255"
urn:cts:greekLit:tlg0012.tlg001.msA:17.361,"urn:cite:hmt:vaimg.VA230VN-0732@0.5,0.3922,0.322,0.0255"
urn:cts:greekLit:tlg0012.tlg001.msA:17.362,"urn:cite:hmt:vaimg.VA230VN-0732@0.506,0.4095,0.355,0.0255"
urn:cts:greekLit:tlg0012.tlg001.msA:17.363,"urn:cite:hmt:vaimg.VA230VN-0732@0.503,0.4252,0.341,0.0255"
urn:cts:greekLit:tlg0012.tlg001.msA:17.364,"urn:cite:hmt:vaimg.VA230VN-0732@0.501,0.4448,0.341,0.0255"
urn:cts:greekLit:tlg0012.tlg001.msA:17.365,"urn:cite:hmt:vaimg.VA230VN-0732@0.5,0.4613,0.341,0.0255"
urn:cts:greekLit:tlg0012.tlg001.msA:17.366,"urn:cite:hmt:vaimg.VA230VN-0732@0.491,0.4771,0.361,0.0255"
urn:cts:greekLit:tlg0012.tlg001.msA:17.367,"urn:cite:hmt:vaimg.VA230VN-0732@0.505,0.4974,0.339,0.0203"
urn:cts:greekLit:tlg0012.tlg001.msA:17.368,"urn:cite:hmt:vaimg.VA230VN-0732@0.504,0.5139,0.339,0.0203"
urn:cts:greekLit:tlg0012.tlg001.msA:17.369,"urn:cite:hmt:vaimg.VA230VN-0732@0.503,0.5312,0.333,0.0203"
urn:cts:greekLit:tlg0012.tlg001.msA:17.370,"urn:cite:hmt:vaimg.VA230VN-0732@0.495,0.5492,0.321,0.0203"
urn:cts:greekLit:tlg0012.tlg001.msA:17.371,"urn:cite:hmt:vaimg.VA230VN-0732@0.504,0.565,0.344,0.0203"
urn:cts:greekLit:tlg0012.tlg001.msA:17.372,"urn:cite:hmt:vaimg.VA230VN-0732@0.505,0.5838,0.321,0.0203"
urn:cts:greekLit:tlg0012.tlg001.msA:17.373,"urn:cite:hmt:vaimg.VA230VN-0732@0.505,0.6018,0.352,0.0218"
urn:cts:greekLit:tlg0012.tlg001.msA:17.374,"urn:cite:hmt:vaimg.VA230VN-0732@0.503,0.6183,0.313,0.0218"
urn:cts:greekLit:tlg0012.tlg001.msA:17.375,"urn:cite:hmt:vaimg.VA230VN-0732@0.504,0.6356,0.347,0.0233"
urn:cts:greekLit:tlg0012.tlg001.msA:17.376,"urn:cite:hmt:vaimg.VA230VN-0732@0.503,0.6499,0.356,0.0248"
urn:cts:greekLit:tlg0012.tlg001.msA:17.377,"urn:cite:hmt:vaimg.VA231RN-0402@0.205,0.2179,0.339,0.0248"
urn:cts:greekLit:tlg0012.tlg001.msA:17.378,"urn:cite:hmt:vaimg.VA231RN-0402@0.202,0.2367,0.359,0.024"
urn:cts:greekLit:tlg0012.tlg001.msA:17.379,"urn:cite:hmt:vaimg.VA231RN-0402@0.207,0.2577,0.359,0.024"
urn:cts:greekLit:tlg0012.tlg001.msA:17.380,"urn:cite:hmt:vaimg.VA231RN-0402@0.201,0.2727,0.33,0.0225"
urn:cts:greekLit:tlg0012.tlg001.msA:17.381,"urn:cite:hmt:vaimg.VA231RN-0402@0.203,0.29,0.346,0.0225"
urn:cts:greekLit:tlg0012.tlg001.msA:17.382,"urn:cite:hmt:vaimg.VA231RN-0402@0.208,0.3088,0.346,0.0225"
urn:cts:greekLit:tlg0012.tlg001.msA:17.383,"urn:cite:hmt:vaimg.VA231RN-0402@0.204,0.3253,0.346,0.0225"
urn:cts:greekLit:tlg0012.tlg001.msA:17.384,"urn:cite:hmt:vaimg.VA231RN-0402@0.203,0.3449,0.356,0.0233"
urn:cts:greekLit:tlg0012.tlg001.msA:17.385,"urn:cite:hmt:vaimg.VA231RN-0402@0.203,0.3629,0.356,0.0233"
urn:cts:greekLit:tlg0012.tlg001.msA:17.386,"urn:cite:hmt:vaimg.VA231RN-0402@0.203,0.3802,0.356,0.0233"
urn:cts:greekLit:tlg0012.tlg001.msA:17.387,"urn:cite:hmt:vaimg.VA231RN-0402@0.197,0.3989,0.356,0.0233"
urn:cts:greekLit:tlg0012.tlg001.msA:17.388,"urn:cite:hmt:vaimg.VA231RN-0402@0.199,0.4132,0.356,0.0233"
urn:cts:greekLit:tlg0012.tlg001.msA:17.389,"urn:cite:hmt:vaimg.VA231RN-0402@0.185,0.4305,0.356,0.0233"
urn:cts:greekLit:tlg0012.tlg001.msA:17.390,"urn:cite:hmt:vaimg.VA231RN-0402@0.189,0.4508,0.356,0.0203"
urn:cts:greekLit:tlg0012.tlg001.msA:17.391,"urn:cite:hmt:vaimg.VA231RN-0402@0.191,0.4681,0.356,0.0203"
urn:cts:greekLit:tlg0012.tlg001.msA:17.392,"urn:cite:hmt:vaimg.VA231RN-0402@0.198,0.4861,0.361,0.0203"
urn:cts:greekLit:tlg0012.tlg001.msA:17.393,"urn:cite:hmt:vaimg.VA231RN-0402@0.192,0.5041,0.361,0.0203"
urn:cts:greekLit:tlg0012.tlg001.msA:17.394,"urn:cite:hmt:vaimg.VA231RN-0402@0.181,0.5177,0.338,0.027"
urn:cts:greekLit:tlg0012.tlg001.msA:17.395,"urn:cite:hmt:vaimg.VA231RN-0402@0.198,0.5357,0.359,0.0255"
urn:cts:greekLit:tlg0012.tlg001.msA:17.396,"urn:cite:hmt:vaimg.VA231RN-0402@0.195,0.556,0.359,0.0255"
urn:cts:greekLit:tlg0012.tlg001.msA:17.397,"urn:cite:hmt:vaimg.VA231RN-0402@0.195,0.574,0.354,0.024"
urn:cts:greekLit:tlg0012.tlg001.msA:17.398,"urn:cite:hmt:vaimg.VA231RN-0402@0.195,0.5905,0.354,0.0225"
urn:cts:greekLit:tlg0012.tlg001.msA:17.399,"urn:cite:hmt:vaimg.VA231RN-0402@0.194,0.6078,0.347,0.0263"
urn:cts:greekLit:tlg0012.tlg001.msA:17.400,"urn:cite:hmt:vaimg.VA231RN-0402@0.186,0.6258,0.365,0.024"
urn:cts:greekLit:tlg0012.tlg001.msA:17.401,"urn:cite:hmt:vaimg.VA231RN-0402@0.191,0.6431,0.373,0.0285"
urn:cts:greekLit:tlg0012.tlg001.msA:17.402,"urn:cite:hmt:vaimg.VA231VN-0733@0.49,0.2322,0.318,0.0248"
urn:cts:greekLit:tlg0012.tlg001.msA:17.403,"urn:cite:hmt:vaimg.VA231VN-0733@0.492,0.2554,0.318,0.0218"
urn:cts:greekLit:tlg0012.tlg001.msA:17.404,"urn:cite:hmt:vaimg.VA231VN-0733@0.494,0.2727,0.318,0.0218"
urn:cts:greekLit:tlg0012.tlg001.msA:17.405,"urn:cite:hmt:vaimg.VA231VN-0733@0.495,0.2893,0.324,0.0218"
urn:cts:greekLit:tlg0012.tlg001.msA:17.406,"urn:cite:hmt:vaimg.VA231VN-0733@0.489,0.3043,0.336,0.0218"
urn:cts:greekLit:tlg0012.tlg001.msA:17.407,"urn:cite:hmt:vaimg.VA231VN-0733@0.495,0.3238,0.341,0.0195"
urn:cts:greekLit:tlg0012.tlg001.msA:17.408,"urn:cite:hmt:vaimg.VA231VN-0733@0.494,0.3434,0.335,0.0195"
urn:cts:greekLit:tlg0012.tlg001.msA:17.409,"urn:cite:hmt:vaimg.VA231VN-0733@0.489,0.3576,0.307,0.021"
urn:cts:greekLit:tlg0012.tlg001.msA:17.410,"urn:cite:hmt:vaimg.VA231VN-0733@0.483,0.3779,0.329,0.021"
urn:cts:greekLit:tlg0012.tlg001.msA:17.411,"urn:cite:hmt:vaimg.VA231VN-0733@0.496,0.3952,0.335,0.0218"
urn:cts:greekLit:tlg0012.tlg001.msA:17.412,"urn:cite:hmt:vaimg.VA231VN-0733@0.482,0.411,0.353,0.0233"
urn:cts:greekLit:tlg0012.tlg001.msA:17.413,"urn:cite:hmt:vaimg.VA231VN-0733@0.491,0.4313,0.326,0.0188"
urn:cts:greekLit:tlg0012.tlg001.msA:17.414,"urn:cite:hmt:vaimg.VA231VN-0733@0.483,0.4455,0.331,0.0233"
urn:cts:greekLit:tlg0012.tlg001.msA:17.415,"urn:cite:hmt:vaimg.VA231VN-0733@0.485,0.4643,0.304,0.0188"
urn:cts:greekLit:tlg0012.tlg001.msA:17.416,"urn:cite:hmt:vaimg.VA231VN-0733@0.491,0.4838,0.323,0.0165"
urn:cts:greekLit:tlg0012.tlg001.msA:17.417,"urn:cite:hmt:vaimg.VA231VN-0733@0.491,0.4981,0.344,0.0225"
urn:cts:greekLit:tlg0012.tlg001.msA:17.418,"urn:cite:hmt:vaimg.VA231VN-0733@0.492,0.5169,0.321,0.0188"
urn:cts:greekLit:tlg0012.tlg001.msA:17.419,"urn:cite:hmt:vaimg.VA231VN-0733@0.491,0.5334,0.334,0.0188"
urn:cts:greekLit:tlg0012.tlg001.msA:17.420,"urn:cite:hmt:vaimg.VA231VN-0733@0.481,0.55,0.342,0.0203"
urn:cts:greekLit:tlg0012.tlg001.msA:17.421,"urn:cite:hmt:vaimg.VA231VN-0733@0.482,0.568,0.362,0.0203"
urn:cts:greekLit:tlg0012.tlg001.msA:17.422,"urn:cite:hmt:vaimg.VA231VN-0733@0.495,0.586,0.335,0.0195"
urn:cts:greekLit:tlg0012.tlg001.msA:17.423,"urn:cite:hmt:vaimg.VA231VN-0733@0.483,0.6048,0.359,0.0173"
urn:cts:greekLit:tlg0012.tlg001.msA:17.424,"urn:cite:hmt:vaimg.VA231VN-0733@0.485,0.6206,0.343,0.0195"
urn:cts:greekLit:tlg0012.tlg001.msA:17.425,"urn:cite:hmt:vaimg.VA231VN-0733@0.49,0.6386,0.348,0.0203"
urn:cts:greekLit:tlg0012.tlg001.msA:17.426,"urn:cite:hmt:vaimg.VA231VN-0733@0.489,0.6559,0.337,0.0203"
urn:cts:greekLit:tlg0012.tlg001.msA:17.427,"urn:cite:hmt:vaimg.VA232RN-0403@0.202,0.2186,0.315,0.0255"
urn:cts:greekLit:tlg0012.tlg001.msA:17.428,"urn:cite:hmt:vaimg.VA232RN-0403@0.205,0.2374,0.349,0.024"
urn:cts:greekLit:tlg0012.tlg001.msA:17.429,"urn:cite:hmt:vaimg.VA232RN-0403@0.199,0.2539,0.321,0.024"
urn:cts:greekLit:tlg0012.tlg001.msA:17.430,"urn:cite:hmt:vaimg.VA232RN-0403@0.205,0.272,0.328,0.024"
urn:cts:greekLit:tlg0012.tlg001.msA:17.431,"urn:cite:hmt:vaimg.VA232RN-0403@0.206,0.29,0.362,0.0225"
urn:cts:greekLit:tlg0012.tlg001.msA:17.432,"urn:cite:hmt:vaimg.VA232RN-0403@0.189,0.305,0.345,0.0263"
urn:cts:greekLit:tlg0012.tlg001.msA:17.433,"urn:cite:hmt:vaimg.VA232RN-0403@0.193,0.3253,0.345,0.0263"
urn:cts:greekLit:tlg0012.tlg001.msA:17.434,"urn:cite:hmt:vaimg.VA232RN-0403@0.2,0.3411,0.345,0.0263"
urn:cts:greekLit:tlg0012.tlg001.msA:17.435,"urn:cite:hmt:vaimg.VA232RN-0403@0.2,0.3576,0.313,0.0263"
urn:cts:greekLit:tlg0012.tlg001.msA:17.436,"urn:cite:hmt:vaimg.VA232RN-0403@0.189,0.3772,0.353,0.027"
urn:cts:greekLit:tlg0012.tlg001.msA:17.437,"urn:cite:hmt:vaimg.VA232RN-0403@0.199,0.3952,0.353,0.024"
urn:cts:greekLit:tlg0012.tlg001.msA:17.438,"urn:cite:hmt:vaimg.VA232RN-0403@0.202,0.4117,0.366,0.024"
urn:cts:greekLit:tlg0012.tlg001.msA:17.439,"urn:cite:hmt:vaimg.VA232RN-0403@0.195,0.4305,0.313,0.024"
urn:cts:greekLit:tlg0012.tlg001.msA:17.440,"urn:cite:hmt:vaimg.VA232RN-0403@0.195,0.4463,0.343,0.024"
urn:cts:greekLit:tlg0012.tlg001.msA:17.441,"urn:cite:hmt:vaimg.VA232RN-0403@0.192,0.4651,0.351,0.024"
urn:cts:greekLit:tlg0012.tlg001.msA:17.442,"urn:cite:hmt:vaimg.VA232RN-0403@0.186,0.4823,0.351,0.024"
urn:cts:greekLit:tlg0012.tlg001.msA:17.443,"urn:cite:hmt:vaimg.VA232RN-0403@0.184,0.4996,0.31,0.024"
urn:cts:greekLit:tlg0012.tlg001.msA:17.444,"urn:cite:hmt:vaimg.VA232RN-0403@0.198,0.5184,0.318,0.024"
urn:cts:greekLit:tlg0012.tlg001.msA:17.445,"urn:cite:hmt:vaimg.VA232RN-0403@0.191,0.5319,0.333,0.0293"
urn:cts:greekLit:tlg0012.tlg001.msA:17.446,"urn:cite:hmt:vaimg.VA232RN-0403@0.195,0.5515,0.333,0.0293"
urn:cts:greekLit:tlg0012.tlg001.msA:17.447,"urn:cite:hmt:vaimg.VA232RN-0403@0.194,0.5695,0.34,0.0233"
urn:cts:greekLit:tlg0012.tlg001.msA:17.448,"urn:cite:hmt:vaimg.VA232RN-0403@0.19,0.5875,0.349,0.0233"
urn:cts:greekLit:tlg0012.tlg001.msA:17.449,"urn:cite:hmt:vaimg.VA232RN-0403@0.196,0.6056,0.349,0.0233"
urn:cts:greekLit:tlg0012.tlg001.msA:17.450,"urn:cite:hmt:vaimg.VA232RN-0403@0.189,0.6221,0.354,0.0263"
urn:cts:greekLit:tlg0012.tlg001.msA:17.451,"urn:cite:hmt:vaimg.VA232RN-0403@0.188,0.6401,0.354,0.0263"
urn:cts:greekLit:tlg0012.tlg001.msA:17.452,"urn:cite:hmt:vaimg.VA232VN-0734@0.487,0.2337,0.332,0.024"
urn:cts:greekLit:tlg0012.tlg001.msA:17.453,"urn:cite:hmt:vaimg.VA232VN-0734@0.493,0.2532,0.339,0.0225"
urn:cts:greekLit:tlg0012.tlg001.msA:17.454,"urn:cite:hmt:vaimg.VA232VN-0734@0.497,0.272,0.336,0.0225"
urn:cts:greekLit:tlg0012.tlg001.msA:17.455,"urn:cite:hmt:vaimg.VA232VN-0734@0.497,0.272,0.336,0.0225"
urn:cts:greekLit:tlg0012.tlg001.msA:17.456,"urn:cite:hmt:vaimg.VA232VN-0734@0.497,0.272,0.336,0.0225"
urn:cts:greekLit:tlg0012.tlg001.msA:17.457,"urn:cite:hmt:vaimg.VA232VN-0734@0.49,0.3253,0.34,0.0218"
urn:cts:greekLit:tlg0012.tlg001.msA:17.458,"urn:cite:hmt:vaimg.VA232VN-0734@0.483,0.3411,0.374,0.0248"
urn:cts:greekLit:tlg0012.tlg001.msA:17.459,"urn:cite:hmt:vaimg.VA232VN-0734@0.475,0.3599,0.376,0.0203"
urn:cts:greekLit:tlg0012.tlg001.msA:17.460,"urn:cite:hmt:vaimg.VA232VN-0734@0.489,0.3794,0.333,0.021"
urn:cts:greekLit:tlg0012.tlg001.msA:17.461,"urn:cite:hmt:vaimg.VA232VN-0734@0.493,0.3974,0.363,0.0203"
urn:cts:greekLit:tlg0012.tlg001.msA:17.462,"urn:cite:hmt:vaimg.VA232VN-0734@0.492,0.4147,0.344,0.0203"
urn:cts:greekLit:tlg0012.tlg001.msA:17.463,"urn:cite:hmt:vaimg.VA232VN-0734@0.489,0.432,0.31,0.0218"
urn:cts:greekLit:tlg0012.tlg001.msA:17.464,"urn:cite:hmt:vaimg.VA232VN-0734@0.496,0.4493,0.269,0.0188"
urn:cts:greekLit:tlg0012.tlg001.msA:17.465,"urn:cite:hmt:vaimg.VA232VN-0734@0.486,0.4651,0.33,0.021"
urn:cts:greekLit:tlg0012.tlg001.msA:17.466,"urn:cite:hmt:vaimg.VA232VN-0734@0.488,0.4853,0.343,0.0195"
urn:cts:greekLit:tlg0012.tlg001.msA:17.467,"urn:cite:hmt:vaimg.VA232VN-0734@0.494,0.5026,0.303,0.018"
urn:cts:greekLit:tlg0012.tlg001.msA:17.468,"urn:cite:hmt:vaimg.VA232VN-0734@0.486,0.5169,0.353,0.0225"
urn:cts:greekLit:tlg0012.tlg001.msA:17.469,"urn:cite:hmt:vaimg.VA232VN-0734@0.485,0.5357,0.342,0.0195"
urn:cts:greekLit:tlg0012.tlg001.msA:17.470,"urn:cite:hmt:vaimg.VA232VN-0734@0.49,0.553,0.35,0.021"
urn:cts:greekLit:tlg0012.tlg001.msA:17.471,"urn:cite:hmt:vaimg.VA232VN-0734@0.49,0.5702,0.338,0.024"
urn:cts:greekLit:tlg0012.tlg001.msA:17.472,"urn:cite:hmt:vaimg.VA232VN-0734@0.494,0.5875,0.398,0.0225"
urn:cts:greekLit:tlg0012.tlg001.msA:17.473,"urn:cite:hmt:vaimg.VA232VN-0734@0.491,0.6063,0.322,0.0203"
urn:cts:greekLit:tlg0012.tlg001.msA:17.474,"urn:cite:hmt:vaimg.VA232VN-0734@0.478,0.6236,0.329,0.0203"
urn:cts:greekLit:tlg0012.tlg001.msA:17.475,"urn:cite:hmt:vaimg.VA232VN-0734@0.487,0.6424,0.342,0.0218"
